date,steps,distance,runDistance,calories
2020-08-28,3650,2555,183,79
2020-08-29,4543,3157,204,101
2020-08-30,11648,8087,582,247
2020-08-31,3354,2320,164,74
2020-09-01,7511,5200,407,156
2020-09-02,8221,5740,513,190
2020-09-03,6579,4563,360,152
2020-09-04,11731,8457,385,276
2020-09-05,5511,3812,320,116
2020-09-06,8239,5706,469,189
2020-09-07,7019,4880,481,156
2020-09-08,5368,3714,281,112
2020-09-09,6483,4496,347,138
2020-09-10,7335,5119,438,161
2020-09-11,6386,4434,319,137
2020-09-12,7868,5473,390,165
2020-09-13,5887,4089,268,129
2020-09-14,3153,2181,214,66
2020-09-15,4395,3040,308,98
2020-09-16,7447,5188,357,154
2020-09-17,5016,3493,452,113
2020-09-18,9834,6872,322,210
2020-09-19,9014,6258,483,196
2020-09-20,4049,2801,224,87
2020-09-21,5707,3962,357,133
2020-09-22,4641,3224,301,106
2020-09-23,6257,4328,295,138
2020-09-24,7382,5134,345,150
2020-09-25,6953,4826,526,149
2020-09-26,4483,3113,409,103
2020-09-27,8166,5655,497,180
2020-09-28,4977,3451,299,111
2020-09-29,4300,2978,201,93
2020-09-30,5698,3963,508,130
2020-10-01,5116,3545,454,120
2020-10-02,7135,4952,439,162
2020-10-03,6637,4592,349,138
2020-10-04,11600,8194,531,268
2020-10-05,4201,2917,202,95
2020-10-06,4626,3203,329,99
2020-10-07,5177,3585,342,110
2020-10-08,12061,8483,475,268
2020-10-09,9683,6727,514,205
2020-10-10,11021,7818,467,250
2020-10-11,7044,4890,288,148
2020-10-12,4366,3023,323,90
2020-10-13,5306,3681,258,120
2020-10-14,5569,3858,430,121
2020-10-15,6751,4705,299,143
2020-10-16,5626,3921,341,124
2020-10-17,5008,3466,247,115
2020-10-18,6236,4332,465,141
2020-10-19,3394,2353,214,80
2020-10-20,7587,5287,394,176
2020-10-21,3092,2139,208,69
2020-10-22,5833,4040,287,127
2020-10-23,5291,3666,381,121
2020-10-24,6235,4347,418,149
2020-10-25,8697,6072,466,193
2020-10-26,4342,3006,176,89
2020-10-27,5537,3871,523,126
2020-10-28,6258,4345,417,142
2020-10-29,9196,6383,574,200
2020-10-30,9557,7073,314,235
2020-10-31,3914,2707,291,86
2020-11-01,7747,5361,287,169
2020-11-02,3106,2150,201,71
2020-11-03,5203,3599,287,114
2020-11-04,3072,2125,189,67
2020-11-05,3161,2187,273,73
2020-11-06,3021,2090,193,68
2020-11-07,13617,10199,353,348
2020-11-08,3011,2157,399,75
2020-11-09,3602,2492,204,79
2020-11-10,5087,3519,272,113
2020-11-11,3186,2204,259,75
2020-11-12,3094,2140,242,68
2020-11-13,3473,2420,331,81
2020-11-14,3710,2566,251,89
2020-11-15,5508,3889,277,123
2020-11-16,3683,2548,189,85
2020-11-17,3143,2185,192,70
2020-11-18,6650,4666,470,153
2020-11-19,5206,3604,364,119
2020-11-20,4704,3254,308,108
2020-11-21,3491,2415,227,76
2020-11-22,8120,5637,299,179
2020-11-23,5602,3911,256,125
2020-11-24,3602,2492,267,82
2020-11-25,3206,2409,989,99
2020-11-26,6069,4382,181,144
2020-11-27,7400,5285,223,164
2020-11-28,3320,2297,361,83
2020-11-29,3132,2255,457,85
2020-11-30,3070,2243,604,83
2020-12-01,3463,2410,399,86
2020-12-02,3095,2145,340,80
2020-12-03,3314,2320,333,81
2020-12-04,3027,2102,214,68
2020-12-05,3135,2203,403,79
2020-12-06,3211,2228,359,75
2020-12-07,3356,2321,282,76
2020-12-08,3571,2470,297,85
2020-12-09,3050,2110,291,74
2020-12-10,4158,2876,342,99
2020-12-11,5159,3703,251,126
2020-12-12,3149,2178,257,71
2020-12-13,3459,2393,298,83
2020-12-14,4294,3000,227,98
2020-12-15,4785,3319,353,112
2020-12-16,3493,2471,399,77
2020-12-17,3591,2490,303,84
2020-12-18,4742,3283,338,110
2020-12-19,3922,2713,266,92
2020-12-20,3950,2732,288,91
2020-12-21,6175,4271,263,132
2020-12-22,7468,5181,250,152
2020-12-23,13916,9706,485,324
2020-12-24,9937,6961,514,225
2020-12-25,4018,2779,249,91
2020-12-26,3032,2104,374,74
2020-12-27,4006,2771,390,87
2020-12-28,3720,2573,317,93
2020-12-29,4648,3223,421,106
2020-12-30,5368,3720,385,126
2020-12-31,6057,4347,247,146
2021-01-01,3671,2539,257,88
2021-01-02,2726,1893,158,63
2021-01-03,3083,2137,269,71
2021-01-04,4746,3283,296,107
2021-01-05,3922,2713,345,91
2021-01-06,3033,2107,403,71
2021-01-07,8839,6376,213,221
2021-01-08,5588,3867,255,123
2021-01-09,4781,3307,454,108
2021-01-10,3437,2391,284,77
2021-01-11,7685,5396,325,176
2021-01-12,6651,4703,421,151
2021-01-13,7965,5514,461,173
2021-01-14,11622,8065,692,251
2021-01-15,4590,3175,356,103
2021-01-16,3682,2547,256,88
2021-01-17,4241,2934,275,90
2021-01-18,5656,3912,235,124
2021-01-19,8709,6104,435,200
2021-01-20,4746,3283,402,110
2021-01-21,4155,2874,325,94
2021-01-22,4166,2888,343,98
2021-01-23,4029,2791,305,93
2021-01-24,4176,2889,263,102
2021-01-25,3098,2143,218,71
2021-01-26,3396,2349,251,79
2021-01-27,3341,2311,228,76
2021-01-28,11583,8725,303,287
2021-01-29,7945,5710,488,194
2021-01-30,3206,2218,176,73
2021-01-31,3947,2730,222,92
2021-02-01,3930,2719,381,94
2021-02-02,15684,11653,389,400
2021-02-03,12146,9063,191,307
2021-02-04,6100,4314,407,143
2021-02-05,7796,5624,368,189
2021-02-06,3979,2760,329,94
2021-02-07,3949,2732,277,90
2021-02-08,4243,2935,336,96
2021-02-09,6103,4316,322,138
2021-02-10,3054,2113,200,70
2021-02-11,6036,4175,344,137
2021-02-12,4930,3422,266,116
2021-02-13,4193,2900,334,94
2021-02-14,5127,3581,276,117
2021-02-15,6757,4674,537,152
2021-02-16,10605,7344,735,232
2021-02-17,7535,5212,463,178
2021-02-18,12705,9078,559,287
2021-02-19,9518,6587,654,209
2021-02-20,4850,3355,318,113
2021-02-21,3049,2154,336,79
2021-02-22,4622,3197,383,108
2021-02-23,3273,2264,228,77
2021-02-24,3871,2910,753,115
2021-02-25,3389,2344,256,79
2021-02-26,3560,2463,381,83
2021-02-27,3207,2218,161,77
2021-02-28,3321,2297,270,78
2021-03-01,7179,5094,382,168
2021-03-02,6923,4789,341,151
2021-03-03,10128,7023,641,224
2021-03-04,4826,3347,315,113
2021-03-05,9235,6405,456,205
2021-03-06,6285,4348,456,143
2021-03-07,2761,1910,239,66
2021-03-08,6241,4376,338,140
2021-03-09,5441,3878,388,130
2021-03-10,5288,3674,359,121
2021-03-11,4284,2973,295,96
2021-03-12,4588,3205,291,108
2021-03-13,16019,11750,331,408
2021-03-14,3021,2116,274,73
2021-03-15,11800,8681,374,298
2021-03-16,3270,2262,280,82
2021-03-17,4245,2936,280,100
2021-03-18,3664,2535,290,82
2021-03-19,3544,2452,314,82
2021-03-20,16774,12512,297,432
2021-03-21,2460,1702,245,60
2021-03-22,18408,13588,296,467
2021-03-23,4347,3056,300,101
2021-03-24,8433,5945,258,185
2021-03-25,2654,1836,257,64
2021-03-26,6590,4567,362,144
2021-03-27,6986,4911,352,160
2021-03-28,4258,2965,347,104
2021-03-29,6625,4583,436,144
2021-03-30,3676,2543,321,86
2021-03-31,14234,10423,428,344
2021-04-01,8022,5684,501,183
2021-04-02,10277,7134,679,217
2021-04-03,3233,2236,136,74
2021-04-04,3851,2664,285,87
2021-04-05,3891,2692,393,91
2021-04-06,19391,14635,211,510
2021-04-07,9370,6875,384,232
2021-04-08,3741,2588,265,87
2021-04-09,3841,2678,305,91
2021-04-10,3117,2156,228,72
2021-04-11,3972,2748,308,95
2021-04-12,2928,2025,220,66
2021-04-13,3868,2682,247,88
2021-04-14,16091,11907,612,416
2021-04-15,11908,8825,288,308
2021-04-16,12346,9081,233,315
2021-04-17,2563,1773,284,62
2021-04-18,2726,1886,235,65
2021-04-19,4363,3018,314,100
2021-04-20,2565,1774,226,60
2021-04-21,3350,2317,265,78
2021-04-22,3498,2420,240,78
2021-04-23,2682,1855,242,61
2021-04-24,4444,3207,206,111
2021-04-25,5113,3617,247,118
2021-04-26,3123,2160,250,74
2021-04-27,18598,14083,370,481
2021-04-28,17190,12729,345,441
2021-04-29,9659,7157,328,245
2021-04-30,2913,2015,241,68
2021-05-01,3330,2303,256,78
2021-05-02,3447,2384,258,82
2021-05-03,3305,2286,220,79
2021-05-04,13044,9448,287,322
2021-05-05,12494,9223,316,318
2021-05-06,3910,2705,217,89
2021-05-07,11026,8298,294,280
2021-05-08,6507,4558,272,151
2021-05-09,3039,2102,225,74
2021-05-10,3047,2108,276,74
2021-05-11,16479,12423,290,434
2021-05-12,2936,2031,301,76
2021-05-13,4182,2893,374,99
2021-05-14,5554,3871,459,129
2021-05-15,3515,2431,206,85
2021-05-16,3595,2487,246,76
2021-05-17,7231,5039,337,159
2021-05-18,9219,6796,536,225
2021-05-19,16363,11412,713,341
2021-05-20,17921,13295,421,446
2021-05-21,7033,4895,325,156
2021-05-22,11304,8076,531,255
2021-05-23,6440,4470,416,144
2021-05-24,5524,3828,342,120
2021-05-25,14527,11124,195,378
2021-05-26,4479,3098,380,106
2021-05-27,7818,5414,379,169
2021-05-28,16411,11554,552,366
2021-05-29,14590,10158,635,312
2021-05-30,8514,5916,649,195
2021-05-31,18210,14053,349,482
2021-06-01,4384,3033,306,106
2021-06-02,3118,2157,183,71
2021-06-03,20873,15778,497,539
2021-06-04,19818,14805,332,506
2021-06-05,11565,8008,674,258
2021-06-06,7062,4922,642,160
2021-06-07,5894,4080,393,130
2021-06-08,17864,13132,470,447
2021-06-09,5442,3764,191,115
2021-06-10,3989,2761,282,90
2021-06-11,16619,12058,838,401
2021-06-12,9148,6355,398,193
2021-06-13,9907,6898,634,225
2021-06-14,10612,7376,431,228
2021-06-15,9355,6489,466,202
2021-06-16,9157,6401,448,211
2021-06-17,10426,7259,563,221
2021-06-18,11319,7863,710,243
2021-06-19,10246,7125,526,225
2021-06-20,8926,6218,518,196
2021-06-21,11697,8119,582,250
2021-06-22,16893,11785,742,365
2021-06-23,6040,4209,322,141
2021-06-24,7799,5465,365,176
2021-06-25,12352,8568,550,265
2021-06-26,12952,8991,571,274
2021-06-27,10535,7324,455,233
2021-06-28,9278,6448,469,192
2021-06-29,10673,7436,431,242
2021-06-30,15846,11703,513,385
2021-07-01,6734,4671,379,146
2021-07-02,10626,7379,573,242
2021-07-03,9451,6567,547,207
2021-07-04,10890,7584,462,236
2021-07-05,15338,11183,446,368
2021-07-06,7380,5130,502,165
2021-07-07,8842,6146,448,190
2021-07-08,12686,8849,789,274
2021-07-09,2193,1518,168,50
2021-07-10,8657,6008,588,191
2021-07-11,9063,6366,396,206
2021-07-12,6627,4600,332,138
2021-07-13,10448,7246,446,221
2021-07-14,12978,9004,617,277
2021-07-15,8493,5907,477,188
2021-07-16,5619,3902,576,133
2021-07-17,7257,5020,425,155
2021-07-18,9655,6679,520,209
2021-07-19,11594,8189,376,263
2021-07-20,7412,5185,530,165
2021-07-21,10091,7012,432,209
2021-07-22,10359,7184,442,228
2021-07-23,14275,9927,700,311
2021-07-24,11307,7823,654,247
2021-07-25,10219,7095,534,222
2021-07-26,7445,5154,370,162
2021-07-27,9398,6501,459,200
2021-07-28,9561,6694,465,215
2021-07-29,9031,6263,651,198
2021-07-30,16563,11574,640,356
2021-07-31,12921,8967,519,277
2021-08-01,11497,7978,582,248
2021-08-02,6707,4664,424,144
2021-08-03,7401,5149,385,160
2021-08-04,10462,7281,568,228
2021-08-05,8077,5616,419,178
2021-08-06,11534,8046,577,251
2021-08-07,8730,6174,466,205
2021-08-08,8585,5949,438,185
2021-08-09,8140,5635,282,167
2021-08-10,5689,3945,324,124
2021-08-11,9673,6712,447,210
2021-08-12,15012,10632,584,328
2021-08-13,9235,6472,328,207
2021-08-14,8309,5793,570,186
2021-08-15,8295,5808,483,183
2021-08-16,5666,3924,438,131
2021-08-17,16153,11978,441,402
2021-08-18,7032,4866,348,148
2021-08-19,16727,11804,700,386
2021-08-20,6886,4795,350,157
2021-08-21,6608,4573,277,135
2021-08-22,6590,4566,396,148
2021-08-23,7442,5201,458,167
2021-08-24,7375,5160,362,164
2021-08-25,5564,3851,333,126
2021-08-26,7367,5124,347,161
2021-08-27,17534,13042,743,432
2021-08-28,8818,6167,580,190
2021-08-29,7582,5276,381,161
2021-08-30,5585,3871,338,127
2021-08-31,11371,7918,700,247
2021-09-01,12793,8910,610,274
2021-09-02,8156,5647,430,181
2021-09-03,11659,8169,374,267
2021-09-04,11093,7717,465,237
2021-09-05,6108,4243,353,138
2021-09-06,10115,7014,395,213
2021-09-07,7411,5151,416,156
2021-09-08,9828,6939,458,229
2021-09-09,13779,9837,711,322
2021-09-10,14092,9907,540,326
2021-09-11,6264,4337,263,133
2021-09-12,10406,7215,516,223
2021-09-13,8285,5775,399,173
2021-09-14,11266,7946,503,258
2021-09-15,2743,1897,196,64
2021-09-16,11465,8034,276,258
2021-09-17,7197,5068,352,170
2021-09-18,11803,8250,686,267
2021-09-19,8337,5880,397,190
2021-09-20,13448,9409,682,295
2021-09-21,8233,5731,434,181
2021-09-22,9738,6765,603,216
2021-09-23,14898,10895,473,367
2021-09-24,11278,7885,694,252
2021-09-25,19785,14301,729,479
2021-09-26,22742,16313,491,545
2021-09-27,22445,16221,412,541
2021-09-28,15168,11168,562,381
2021-09-29,14598,10622,543,364
2021-09-30,13807,9975,426,336
2021-10-01,14256,10569,742,357
2021-10-02,10993,7982,358,261
2021-10-03,20537,14688,344,478
2021-10-04,11475,8514,468,289
2021-10-05,11731,8551,352,280
2021-10-06,12094,8829,270,298
2021-10-07,11215,8105,238,272
2021-10-08,16326,12017,737,402
2021-10-09,10527,7531,390,259
2021-10-10,11233,7947,323,261
2021-10-11,10906,8050,498,269
2021-10-12,11345,8227,336,272
2021-10-13,9899,7162,436,235
2021-10-14,10874,7892,376,262
2021-10-15,13310,9787,773,327
2021-10-16,13182,9526,598,311
2021-10-17,10807,7863,422,246
2021-10-18,9457,6970,238,228
2021-10-19,8199,6092,289,206
2021-10-20,11093,8036,369,264
2021-10-21,9763,7065,529,238
2021-10-22,12904,9355,360,309
2021-10-23,9817,7112,506,237
2021-10-24,12087,8426,623,264
2021-10-25,5037,3515,331,119
2021-10-26,8748,6182,547,208
2021-10-27,8944,6333,411,202
2021-10-28,6155,4429,231,135
2021-10-29,4439,3167,326,103
2021-10-30,9920,6931,584,227
2021-10-31,7144,4984,490,160
2021-11-01,10166,7334,499,238
2021-11-02,6792,4927,337,165
2021-11-03,12975,9391,511,311
2021-11-04,9037,6613,379,221
2021-11-05,7757,5780,384,192
2021-11-06,7200,5332,276,179
2021-11-07,4890,3579,225,124
2021-11-08,7863,5648,334,191
2021-11-09,5980,4346,188,144
2021-11-10,4458,3336,274,110
2021-11-11,5999,4412,224,146
2021-11-12,7206,5381,291,181
2021-11-13,12442,9058,302,301
2021-11-14,7168,5111,228,169
2021-11-15,4116,2969,270,99
2021-11-16,6040,4440,395,151
2021-11-17,6731,4847,236,164
2021-11-18,4917,3562,218,122
2021-11-19,7265,5425,280,190
2021-11-20,7915,5749,348,189
2021-11-21,12600,9066,573,295
2021-11-22,3914,2869,266,98
2021-11-23,4836,3566,346,118
2021-11-24,7289,5379,267,181
2021-11-25,10631,7787,319,268
2021-11-26,7789,5652,383,191
2021-11-27,13982,10219,470,336
2021-11-28,10962,7986,297,265
2021-11-29,6614,4785,451,164
2021-11-30,7041,5205,292,174
2021-12-01,6063,4476,170,150
2021-12-02,4854,3545,377,120
2021-12-03,9476,6891,317,232
2021-12-04,6887,4906,483,166
2021-12-05,9603,7076,388,234
2021-12-06,6369,4624,270,155
2021-12-07,8188,6005,457,202
2021-12-08,5376,3912,287,131
2021-12-09,8879,6531,342,214
2021-12-10,7689,5638,316,193
2021-12-11,5047,3666,242,123
2021-12-12,4522,3316,362,116
2021-12-13,5886,4189,221,142
2021-12-14,5068,3649,161,124
2021-12-15,6675,4797,286,156
2021-12-16,10661,7612,396,248
2021-12-17,7043,5270,177,180
2021-12-18,6152,4507,462,153
2021-12-19,8523,6165,438,200
2021-12-20,6804,4914,225,165
2021-12-21,6564,4739,402,160
2021-12-22,4847,3460,246,116
2021-12-23,5403,3915,316,134
2021-12-24,6789,5049,260,169
2021-12-25,6416,4644,257,155
2021-12-26,8166,5884,215,187
2021-12-27,8931,6648,297,218
2021-12-28,6426,4643,589,164
2021-12-29,10122,7402,354,258
2021-12-30,5913,4319,260,147
2021-12-31,11749,8721,485,292
2022-01-01,10102,7069,729,226
2022-01-02,4011,2775,278,95
2022-01-03,7664,5393,245,170
2022-01-04,7122,4927,443,158
2022-01-05,6419,4506,411,146
2022-01-06,7408,5300,319,172
2022-01-07,8660,6117,550,202
2022-01-08,3409,2630,721,100
2022-02-02,8960,6392,403,208
2022-02-03,19187,14332,979,480
2022-02-04,5172,3592,300,112
2022-02-05,3971,2747,362,93
2022-02-06,5561,3878,317,120
2022-02-07,14234,10230,257,345
2022-02-08,12232,8844,846,297
2022-02-09,19899,14392,657,490
2022-02-10,3431,2379,212,77
2022-02-11,10007,7321,1037,251
2022-02-12,3179,2203,205,73
2022-02-13,19030,13851,352,461
2022-02-14,8282,6065,427,190
2022-02-15,3463,2395,264,79
2022-02-16,8750,6440,807,213
2022-02-17,3921,2715,222,85
2022-02-18,12674,9473,863,329
2022-02-19,3663,2538,298,85
2022-02-20,14018,9927,278,338
2022-02-21,10352,7699,1198,266
2022-02-22,3737,2585,248,81
2022-02-23,9886,7178,1187,242
2022-02-24,4138,2868,249,89
2022-02-25,13456,9848,1429,332
2022-02-26,5784,4005,399,125
2022-02-27,10851,7657,513,246
2022-02-28,8377,6149,1340,217
2022-03-01,5793,4026,436,132
2022-03-02,12164,8824,1104,306
2022-03-03,4371,3026,291,95
2022-03-04,10577,7685,978,251
2022-03-05,6363,4410,279,135
2022-03-06,7675,5329,353,161
2022-03-07,7384,5389,755,189
2022-03-08,4452,3087,235,98
2022-03-09,8389,6191,863,216
2022-03-10,5407,3757,180,111
2022-03-11,12174,8726,1257,287
2022-03-12,3622,2505,227,82
2022-03-13,5130,3661,348,125
2022-03-14,10032,7370,969,248
2022-03-15,8380,6494,300,221
2022-03-16,14517,10651,613,354
2022-03-17,3532,2443,256,83
2022-03-18,10289,7239,347,223
2022-03-19,7470,5178,382,171
2022-03-20,9606,6710,656,220
2022-03-21,6593,4569,397,146
2022-03-22,14238,10328,468,337
2022-03-23,10576,7701,432,256
2022-03-24,8769,6292,503,207
2022-03-25,23804,17592,1173,590
2022-03-26,8388,6304,648,219
2022-03-27,14217,10382,853,349
2022-03-28,12279,8744,500,288
2022-03-29,8637,6343,634,216
2022-03-30,6579,4697,381,157
2022-03-31,11827,8566,899,283
2022-04-01,9237,6765,460,231
2022-04-02,7806,5766,556,199
2022-04-03,10082,7329,621,246
2022-04-04,12942,9421,576,315
2022-04-05,13251,9535,450,313
2022-04-06,12924,9228,664,308
2022-04-07,7406,5347,348,169
2022-04-08,18370,13699,536,467
2022-04-09,7489,5396,339,183
2022-04-10,8795,6400,468,217
2022-04-11,9052,6658,532,221
2022-04-12,9879,7300,529,242
2022-04-13,9637,7098,487,233
2022-04-14,10043,7302,457,242
2022-04-15,11066,8110,466,275
2022-04-16,10729,7858,408,258
2022-04-17,9360,6819,356,223
2022-04-18,11029,7921,533,263
2022-04-19,12804,9288,286,302
2022-04-20,10888,7776,451,245
2022-04-21,7052,5074,402,172
2022-04-22,12718,9349,618,305
2022-04-23,5871,4110,280,131
2022-04-24,8580,6175,528,208
2022-04-25,8750,6411,422,217
2022-04-26,16481,11877,746,400
2022-04-27,6711,4661,327,150
2022-04-28,8706,6047,514,188
2022-04-29,9932,7228,188,245
2022-04-30,3707,2602,127,88
2022-05-01,9891,7041,242,225
2022-05-02,10345,7231,639,232
2022-05-03,9748,6764,335,221
2022-05-04,7637,5299,426,170
2022-05-05,7873,5464,395,173
2022-05-06,9537,6926,400,230
2022-05-07,8824,6188,504,198
2022-05-08,7325,5077,459,154
2022-05-09,10933,7875,468,260
2022-05-10,9357,6971,411,230
2022-05-11,11123,8081,526,265
2022-05-12,6091,4318,375,143
2022-05-13,12928,9461,290,318
2022-05-14,12321,8853,492,288
2022-05-15,14066,10268,1141,346
2022-05-16,10125,7269,511,240
2022-05-17,14894,10814,425,357
2022-05-18,13556,9914,689,331
2022-05-19,13818,9927,640,330
2022-05-20,11524,8634,508,286
2022-05-21,17911,13179,886,442
2022-05-22,18366,13360,504,442
2022-05-23,7991,5815,186,191
2022-05-24,15321,11301,985,377
2022-05-25,11703,8623,395,288
2022-05-26,22819,16847,868,560
2022-05-27,13174,9535,598,315
2022-05-28,11571,8344,362,280
2022-05-29,9786,7097,426,235
2022-05-30,8638,6322,539,211
2022-05-31,8611,6317,434,209
2022-06-01,9333,6809,352,229
2022-06-02,18758,13611,808,458
2022-06-03,17746,12854,665,437
2022-06-04,21889,16053,837,533
2022-06-05,15617,11337,357,376
2022-06-06,17042,12905,711,434
2022-06-07,13495,9555,388,312
2022-06-08,16302,12118,1091,413
2022-06-09,12555,8983,499,300
2022-06-10,11036,7921,176,259
2022-06-11,9190,6609,208,217
2022-06-12,12315,8943,685,298
2022-06-13,11473,8262,339,264
2022-06-14,12107,8709,411,285
2022-06-15,10189,7353,530,240
2022-06-16,11092,7988,502,267
2022-06-17,11415,8276,374,275
2022-06-18,12360,8960,338,294
2022-06-19,25082,18094,1207,620
2022-06-20,21051,15201,778,506
2022-06-21,17483,12847,861,425
2022-06-22,12066,8376,580,254
2022-06-23,8412,5884,518,191
2022-06-24,15260,10820,725,348
2022-06-25,7157,5013,376,167
2022-06-26,7209,4987,536,152
2022-06-27,8380,5797,649,190
2022-06-28,9993,6935,620,222
2022-06-29,8762,6078,499,197
2022-06-30,7202,5014,541,160
2022-07-01,9573,6771,674,222
2022-07-02,7060,4884,375,159
2022-07-03,7206,5000,465,163
2022-07-04,4676,3235,413,112
2022-07-05,5616,3892,368,126
2022-07-06,5855,4066,468,135
2022-07-07,12998,9182,490,295
2022-07-08,11157,7816,442,251
2022-07-09,14885,10349,953,330
2022-07-10,11264,7797,756,245
2022-07-11,9781,6787,513,221
2022-07-12,9871,6857,435,208
2022-07-13,16912,12181,424,412
2022-07-14,8420,5890,434,185
2022-07-15,6078,4247,359,137
2022-07-16,9812,6830,562,220
2022-07-17,5262,3658,327,122
2022-07-18,9133,6379,409,198
2022-07-19,9711,6998,502,229
2022-07-20,13746,9604,506,298
2022-07-21,8851,6395,428,216
2022-07-22,5987,4178,439,140
2022-07-23,14735,10422,898,322
2022-07-24,12389,8643,515,272
2022-07-25,8280,5764,403,186
2022-07-26,10149,7372,895,253
2022-07-27,8886,6156,455,186
2022-07-28,15279,10927,969,343
2022-07-29,8315,5839,523,189
2022-07-30,13267,9476,724,305
2022-07-31,10983,7617,622,237
2022-08-01,8352,5803,414,182
2022-08-02,12036,8462,613,266
2022-08-03,10513,7344,339,231
2022-08-04,9969,7232,719,235
2022-08-17,6316,4387,386,145
2022-08-18,14880,10666,516,344
2022-08-19,7039,4934,381,156
2022-08-20,11423,8185,783,260
2022-08-21,2286,1653,322,52
2022-08-22,7059,4883,558,155
2022-08-23,9657,6858,431,220
2022-08-24,13286,9277,726,284
2022-08-25,14452,10213,690,320
2022-08-26,9783,6850,498,210
2022-08-27,16371,11494,624,357
2022-08-28,11091,7711,563,235
2022-08-29,10042,7019,560,219
2022-08-30,14252,9988,557,305
2022-08-31,15573,10844,844,329
2022-09-01,9126,6414,309,204
2022-09-02,11264,7917,772,251
2022-09-03,11964,8459,361,263
2022-09-04,14962,10399,756,319
2022-09-05,16388,11596,835,373
2022-09-06,13475,9630,416,309
2022-09-07,11977,8463,447,276
2022-09-08,9882,6991,353,218
2022-09-09,10814,7640,634,243
2022-09-10,15905,11275,527,359
2022-09-11,12676,8830,496,267
2022-09-12,9796,6880,367,218
2022-09-13,13174,9282,587,291
2022-09-14,8581,6015,514,193
2022-09-15,14019,9852,641,308
2022-09-16,11797,8295,683,274
2022-09-17,15202,10753,481,345
2022-09-18,7532,5268,432,176
2022-09-19,9059,6275,553,198
2022-09-20,11882,8381,327,270
2022-09-21,8765,6074,457,191
2022-09-22,14065,9857,530,315
2022-09-23,8721,6114,419,191
2022-09-24,10282,7266,291,221
2022-09-25,10430,7332,590,231
2022-09-26,8749,6073,471,198
2022-09-27,15537,11188,353,362
2022-09-28,11599,8380,454,275
2022-09-29,15211,10884,376,358
2022-09-30,18334,13493,705,439
2022-10-01,13426,9635,403,305
2022-10-02,13418,9480,556,317
2022-10-03,15234,11097,648,361
2022-10-04,16728,11985,623,401
2022-10-05,15998,11433,454,375
2022-10-06,18795,13449,623,445
2022-10-07,16694,12064,521,395
2022-10-08,20579,14694,545,484
2022-10-09,26226,19272,683,635
2022-10-10,15171,10776,427,353
2022-10-11,22227,15806,691,510
2022-10-12,16223,11862,663,393
2022-10-13,16209,11513,466,383
2022-10-14,16691,12235,607,411
2022-10-15,14184,10131,294,330
2022-10-16,13282,9542,619,313
2022-10-17,21016,15413,717,507
2022-10-18,13164,9411,383,319
2022-10-19,16641,12119,568,397
2022-10-20,18412,13272,364,444
2022-10-21,17505,12626,556,416
2022-10-22,57,39,8,2
2022-11-09,8991,6566,460,217
2022-11-10,12220,8708,511,284
2022-11-11,12689,9076,387,296
2022-11-12,11418,8285,402,262
2022-11-13,11597,8196,380,269
2022-11-14,11212,8043,674,263
2022-11-15,7771,5572,361,190
2022-11-16,10497,7535,309,247
2022-11-17,16722,12051,532,384
2022-11-18,18300,12976,490,421
2022-11-19,10435,7512,468,244
2022-11-20,10667,7596,298,249
2022-11-21,15349,11116,557,358
2022-11-22,10226,7314,359,240
2022-11-23,13905,10059,363,332
2022-11-24,13004,9317,428,297
2022-11-25,13277,9601,573,316
2022-11-26,16358,11610,681,369
2022-11-27,9425,6771,356,214
2022-11-28,11602,8385,410,282
2022-11-29,13660,9784,781,330
2022-11-30,11540,8334,499,274
2022-12-01,14927,10713,537,350
2022-12-02,12563,9014,435,294
2022-12-03,12937,9192,395,290
2022-12-04,13938,9944,508,323
2022-12-05,12492,8826,466,279
2022-12-06,15346,10968,478,363
2022-12-07,16877,11972,494,397
2022-12-08,9942,7073,489,232
2022-12-09,17876,12829,684,437
2022-12-10,10514,7361,271,243
2022-12-11,12518,8856,468,291
2022-12-12,12975,9261,690,310
2022-12-13,12780,9065,374,297
2022-12-14,11666,8284,373,277
2022-12-15,15536,11076,353,375
2022-12-16,16184,11623,505,398
2022-12-17,12873,9139,528,297
2022-12-18,14263,10199,515,339
2022-12-19,8650,6153,463,200
2022-12-20,15608,11202,596,370
2022-12-21,11130,7875,422,262
2022-12-22,17149,12320,518,416
2022-12-23,12956,9328,281,311
2022-12-24,15380,10980,520,365
2022-12-25,6451,4521,207,141
2022-12-26,17269,12225,567,403
2022-12-27,10922,7716,476,253
2022-12-28,14339,10225,512,339
2022-12-29,11270,8121,475,279
2022-12-30,17421,12584,376,417
2022-12-31,10371,7275,367,244
2023-01-01,16046,11355,602,375
2023-01-02,20017,14249,553,496
2023-01-03,13720,9781,363,324
2023-01-04,9104,6452,441,218
2023-01-05,17350,12236,497,429
2023-01-06,15157,10820,488,364
2023-01-07,9547,6724,399,231
2023-01-08,14248,10158,663,353
2023-01-09,10843,7709,444,264
2023-01-10,10667,7579,420,257
2023-01-11,8838,6181,275,204
2023-01-12,11221,7977,430,271
2023-01-13,14731,10630,359,364
2023-01-14,8370,5890,367,203
2023-01-15,11329,8008,377,264
2023-01-16,11462,8064,379,272
2023-01-17,13050,9352,498,320
2023-01-18,14864,10614,478,364
2023-01-19,12883,9302,440,312
2023-01-20,12330,8786,632,298
2023-01-21,6827,4727,336,160
2023-01-22,5840,4055,373,133
2023-01-23,5926,4125,370,140
2023-01-24,11435,8214,339,285
2023-01-25,13868,10166,508,351
2023-01-26,5437,3780,293,131
2023-01-27,5949,4173,334,142
2023-01-28,8566,5940,467,191
2023-01-29,10808,7529,663,251
2023-01-30,15039,10811,520,376
2023-01-31,10889,7784,484,260
2023-02-01,10459,7573,521,263
2023-02-02,11926,8477,519,290
2023-02-03,13787,9919,580,332
2023-02-04,7665,5351,434,178
2023-02-05,7749,5473,335,180
2023-02-06,2234,1628,174,57
2023-02-07,6370,4445,393,151
2023-02-08,9666,6856,608,226
2023-02-09,11220,7886,461,265
2023-02-10,16317,11730,440,405
2023-02-11,11476,8044,485,272
2023-02-12,4129,2900,181,100
2023-02-13,4078,2826,246,98
2023-02-14,6105,4245,229,139
2023-02-15,4409,3079,176,101
2023-02-16,5345,3697,265,124
2023-02-17,6162,4343,374,148
2023-02-18,4414,3109,309,108
2023-02-19,5711,3960,316,132
2023-02-20,3613,2518,204,90
2023-02-21,7410,5194,272,178
2023-02-22,4631,3232,328,106
2023-02-23,10041,7115,370,234
2023-02-24,5222,3688,219,128
2023-02-25,5976,4171,240,136
2023-02-26,12814,8984,754,307
2023-02-27,14488,10403,367,353
2023-02-28,10214,7300,240,250
2023-03-01,9283,6570,282,222
2023-03-02,9704,6923,327,237
2023-03-03,18417,13242,455,445
2023-03-04,11485,8270,231,290
2023-03-05,14105,9928,451,348
2023-03-06,17268,12253,634,426
2023-03-07,9186,6666,413,225
2023-03-08,13739,10022,590,348
2023-03-09,10285,7393,422,255
2023-03-10,18346,13068,589,442
2023-03-11,17847,12519,497,407
2023-03-12,12812,9165,433,304
2023-03-13,7693,5571,306,192
2023-03-14,8753,6219,310,212
2023-03-15,9126,6401,114,213
2023-03-16,7455,5366,205,187
2023-03-17,12842,9133,478,303
2023-03-18,6649,4653,300,152
2023-03-19,9485,6666,292,218
2023-03-20,12455,8733,511,298
2023-03-21,9630,6793,309,227
2023-03-22,10224,7174,385,236
2023-03-23,14251,10122,406,337
2023-03-24,13336,9434,394,316
2023-03-25,13373,9561,444,327
2023-03-26,8147,5738,351,189
2023-03-27,12683,8894,118,300
2023-03-28,11069,7814,396,257
2023-03-29,11314,8073,468,273
2023-03-30,12248,8834,508,308
2023-03-31,10042,7183,252,243
2023-04-01,3570,2529,80,89
2023-04-17,0,0,0,0
2023-04-18,6774,4787,447,161
2023-04-19,10877,7603,689,237
2023-04-20,7284,5257,206,168
2023-04-21,6568,4592,401,158
2023-04-22,5496,3808,348,126
2023-04-23,6152,4260,430,140
2023-04-24,3791,2622,215,92
2023-04-25,4152,2895,223,102
2023-04-26,9480,6680,415,225
2023-04-27,4245,2990,187,108
2023-04-28,6470,4634,278,160
2023-04-29,8581,6168,379,214
2023-04-30,8979,6401,358,220
2023-05-01,11170,8066,265,277
2023-05-02,9605,7020,347,239
2023-05-03,8163,5793,299,193
2023-05-04,8981,6290,306,203
2023-05-05,2986,2222,105,80
